dealer_id,First_Name,Last_Name,Address_1,Address_2,City,State,Zip,Home_Phone,Work_Phone,CUST_ID,Email,OptOut,Spam
2302,ANNAMARIE,SANDOVAL,1007 MARRON CIR NE APT D,,ALBUQUERQUE,NM,87112,505-804-2727,505-897-6000,168985,SITA7SONNY@MSN.COM,,
2303,DAMIAN,DURAN,361 ANTELOPE CIR SE,,ALBUQUERQUE,NM,87123,505-298-4778,,151161,COWBOYS2208@GMAIL.COM,,
2321,DAVID,BOWEN,222 WASHINGTON AVE EXTENSION,,RENSSELAER,NY,12144,3155343954,,5315,PHLOXYKRIS@GMAIL.COM,,
2326,WENDY,DENNISON,709 CLEAR CREEK RD,,DAWSON,IL,62520,217-971-1475,,71645,WCDENN77@NETZERO.COM,,
2328,TOM,MCDERMOTT,3035 NE EGERT CT,,FAIRVIEW,OR,97024,503-914-7655,,101437,ROCK_XX21@HOTMAIL.COM,,
2341,JERALD,DIGGS,8150A EAST RD,,REDWOOD VALLEY,CA,,7074852571,,109030,JACKIEBRIANJACKIE@YAHOO.COM,,
2349,STEPHEN,CLEVENGER,244 SYCAMORE RD APT 1,,LEXINGTON,KY,405021885,217-433-7617,217-433-2731,67102,SPCLEVEN@GMAIL.COM,,
2368,CRYSTAL,ROSE,285 PRES JACKSON RD,,MAX MEADOWS,VA,24360,2762286088,,,LEVI_HARLEY08@YAHOO.COM,,
2390,JENNIFER,ANDREWS,260 PICK WICKET DRIVE,,CONWAY,AR,72304,520-440-4863,,12654,SWERDNA.JEN@GMAIL.COM,,
2403,LARRY,MEEKS,3016 20TH AVE,,GRUETLI LAAGER,TN,37339,9317793762,,57643,LARRYNKATHY@BLOMAND.NET,,
2405,BRENDA,LEVADITIS,409 LUCE AVE,,UKIAH,CA,95482,7074626648,7074902369,,LEVADITIS@SBCGLOBAL.NET,,
2407,PAMELA,SAUNDERS,1818 WATCH HOUSE CIRCLE N,,SEVERN,MD,21144,301-404-5138,,112308,BURRSAUND@AOL.COM,,
2412,DAVID,MEADOWS,1602 N AVE G,,LAMESA,TX,79331,8068726182,8065480445,250360,DMEADOWS@MAIL.COM,,
2419,JAMES,LOPYNSKI,10643 CANTERBERRY RD,,FAIRFAX STATION,VA,220391927,703-250-0061,703-475-6798,1281926,BUFFDADDYOK@HOTMAIL.COM,,
2448,CHRISTINA,FORD,16005 CARLEY LN,,BRYAN,TX,778070000,9794509114,9796903079,1020011,CFORD.BLACKROSE@GMAIL.COM,,
2452,DWIGHT,SCHLEPP,4750 97TH ST SE,,ASHLEY,ND,,7012883056,,4060176,SCHLEPP04@GMAIL.COM,,
2457,JAMES,CUPPLES,40 HARRY WELLS RD,,SAUGERTIES,NY,12477,8452473068,8455320765,,JCUPPLES1@HOTMAIL.COM,,
2483,LYNUS,SEBASTIAN,1505 WILDFLOWER WAY,,BOZEMAN,MT,59715,,,36808,15SEBASS@GMAIL.COM,,
2503,JAVED,BUTT,2579 EAGLE VIEW DR,,DAYTON,OH,,,,49697,JAVED_31311@YAHOO.COM,,
2518,RONALD,BERRY,36 BERRY PATCH RD,,POTSDAM,NY,13676,3152652883,,18040,BERRYRG@NORTHNET.ORG,,
2545,FLETCHER,MILLS,12780 86TH TERR,,LIVE OAK,FL,32026,3863625284,,1487,IMMAKINBABIES@HOTMAIL.COM,,
2547,JOHN,GRINDLE,509 13TH AVE A,,SILVIS,IL,61282,3097989261,,28007,USD@MCHSI.COM,,
2556,TREVOR,BAUMAN,4050 GARDELLA AVE #221,,RENO,NV,895120000,7758306535,,4463192,UTUMNYR@GMAIL.COM,,
2577,TONY,GARRETT,650 HILLSBORO RD,,MONTGOMERY,AL,36109,3342810209,3342404800,8777,TGARRETT98@GMAIL.COM,,
2591,APRIL,KENNEDY,1002 DOGWOOD LN,,HIGH POINT,NC,27263,3364910305,,,CHAIRSANDWARES@AOL.COM,,
2608,MATTHEW,SMITH,NINE EGYPT LANE,,LOCUST VALLEY,NY,11560,5166743803,5168165312,98554,ADAMGSMITH1981@GMAIL.COM,,
2609,DAVID,PADDOCK,72 KONCI TERRACE,,LAKE GEORGE,NY,12845,5186683246,5188549989,,DPADDOCK@VERIZON.NET,,
2619,JAMES,COUPAR,1484 TIDEWATER TER,,THE VILLAGES,FL,,3522054773,,122969,JCOUPAR@GMAIL.COM,,
2626,BENJAMIN,PIPPEN,7057 N JEFFERSON ST,,TWELVE MILE,IN,46988,,574-398-1059,158547,BENPIPP@AOL.COM,,
2628,AMIE,DREW,24 NH RT11,,FARMINGTON,NH,3835,6035919997,,5919997,DRFRANKENCOW@YAHOO.COM,,
2636,ANDREA,JEROME,8010 FAIRVIEW DR,,HONEOYE,NY,14471,5852597259,,,PIPETTE027@HOTMAIL.COM,,
2649,ERIC,FRANKLIN,7555 NORTH FLINT HILL RD,,OWINGS,MD,20736,301-332-9661,410-286-8008,11737,EFRANKLIN.ERIMAX@GMAIL.COM,,
2662,NORMAN,WALKER,40 CLARA STREET,,NORTH HALEDON,NJ,7508,9734271434,,,NORMANFWALKER@AOL.COM,,
2664,JAMES,GIBBS,808 PENNY LANE,,SAINT PETERS,MO,63376,,,,NEONGARYG@AOL.COM,,
2678,KENNETH,FRENCH,13601 CEDARWOOD DR,,AMARILLO,TX,,2149144532,2149144532,67149,KENFRENCH@HOTMAIL.COM,,
2680,ROBERTA,HAMMEL,9699 CLARK RD,,LAINGSBURG,MI,,5176414471,,10018491,BEEBOPPIN@VOYAGER.NET,,
2705,CHRISTOPHER,PARO,418 SCHENECTADY STREET,,SCHENECTADY,NY,12307,5183706361,,42695,MAMASMELLS@AOL.COM,,
2707,BRIAN,MABRAY,12770 SW BROCKMAN ST,,BEAVERTON,OR,,5038106169,,220378,CMABRAY1@GMAIL.COM,,
2724,PETRA,ROBLES,4304 RIFLE DR,,KILLEEN,TX,76542,254-690-5100,,7126,PROBLES3@HOT.RR.COM,,
2727,DAMON,MACK,105 BISH AVE,,PRINCETON,WV,247400000,3044252572,3046883341,1028745,DAMONDMACK@AOL.COM,,
2737,GAIL,HAGER,103 MORNING DOVE LANE,,DOVER,DE,19901,3026743437,,6743437,HAGER_GAIL@YAHOO.COM,,
2756,DALE,SUTTON,345 N MONROE,,PAPILLION,NE,68046,4026390935,4026390935,34168,DALE.SUTTON@GMAIL.COM,,
2759,DAVID,WOLLRICH,10292 MARLAW WY,,ELK GROVE,CA,95757,707-495-0380,,1170605,DAVEW9897@AOL.COM,,
2760,KEIL,LAMPE,33 PINE STREET,,ONEONTA,,13820,6074371820,,,KIEL.LAMPE@YAHOO.COM,,
2768,BEVERLY,CHAO,45 TYSON CT,,EL SOBRANTE,CA,,5106725945,,113916,HAPPYGAL211@YAHOO.COM,,
2775,MOLLY,MURPHY,502 EVERGREEN AVE,,MADISON,WI,53704,608-249-8252,608-852-6421,38303,MURPHAC.JM@GMAIL.COM,,
2866,BARRY,WENZ,134 VAN ALLEN LANE,,BROADALBIN,NY,12025,9146698410,,6698410,AWENZ1@HOTMAIL.COM,,
2881,JIMMY,FERRELL,376 SYCAMORE RD,,GRIFFITHSVILLE,WV,25521,3045247070,,63147,FERRELLMARY@GMAIL.COM,,
2974,JOHN,PIMENTEL,100 STANLEY ST 2ND FLOOR,,FALL RIVER,MA,,5088377679,,8377679,JAYPEE221@GMAIL.COM,,
2981,MICHAEL,RORER,11 ROSSLYN CT,,FT MITCHELL,KY,41017,859-341-7230,,16834,CDRORER@AOL.COM,,
3050,RICHARD,BLACKHAM,464 NORTH PAULA DR,,DUNEDIN,FL,346980000,7274669224,,2147696,RBLACKHAM@HOTMAIL.COM,,