aaronr@draftingtablebeer.com,mags.net
bealed@mesick.org,abuse.net
deketts@mesick.org,
jake@denkins.net,mags.net
jalpeters@remaxencore.com,ahbl.org
erik@bausshaus.com,basted.sf.net
dawnshop@jimndawn.net,emailkarma.net
deb@deborahmartin.com,barely3am.com
cheryl.lewis@basiccomniles.com,abuse.net
jimshop@jimndawn.net,
mark@delleva.com,barely3am.com
jreigler@ventra.us,2mbit.com
kderosas@thedukaan.com,ahbl.org
leilah@fentura.com,citizendium.org
mhoogenstyn@oakcrestmanors.com,barely3am.com
laurieb@sie-usa.com,dorkslayers.com
pfroning@focushp.com,basted.sf.net
soneil@lyontwp.org,onlinespamsolutions.com
pcarcone@lyontwp.org,
johnmark76@ellsworthlink.net,bilim-systems.net
pdonatto@allegra-printing.com,bilim-systems.net
sjohnson@smjohnson.com,barely3am.com
joann@disabilityconnect.org,dnsbl.org
johnstonk@dunnpaper.com,onlymyemail.com
patmiller@sonjagnorrisdds.com,projecthoneypot.org
lloydm@slcs.us,cluelessmailers.org
penningtons@slcs.us,
spencerm@slcs.us,
anna.petryniak@cliffsnr.com,hypponen.com
pearsonb@slcs.us,
pebleyk@slcs.us,
smaurer@solbergknowles.com,barely3am.com
joe@carusoleadership.com,fast.net
lowneym@slcs.us,
lplotkowski@lsps.org,spambag.org
sisakow@oxinvest.com,compu.net
lross@lsps.org,
pgordon@lsps.org,
pgrebeck@ocms-mi.org,hostkarma.com
smithj@slcs.us,
badisha@slcs.us,
malmstroml@slcs.us,
springers@slcs.us,
liljim@jimndawn.net,
anthony@chaldeanpower.com,securence.com
lody@afh.org,fast.net
appenx@appenx.com,kittenslingerie.com
garrykrum@garrydkrum.com,beat.st
gary@koschcatering.com,citizendium.org
angie.hendershot@abc12.com,basted.sf.net
dan@engelsmahomes.com,mailsentry.com.au
amy.stern@teamnfgi.com,barely3am.com
lowen1@hurleymc.com,basted.sf.net
atalari1@hurleymc.com,
ctenson1@hurleymc.com,
lmcquil1@hurleymc.com,
ltracy1@hurleymc.com,
smorris2@hurleymc.com,
dan@mccallumconsult.com,basted.sf.net
john.waite@designunderwriting.com,mags.net
ssitar1@hurleymc.com,
dbrowne@signature-rm.com,barely3am.com
dcharle2@hurleymc.com,
patrick@patrickosterman.com,njabl.org
jkrause@bellemaer.com,bilim-systems.net
phil@lukeboumanteam.com,2mbit.com
ss1@cryptictumblers.com,hostkarma.com
amulder@aarp.org,abuse.ch
penny@pelleran.com,barely3am.com
gary@rowlandremodeling.com,mailshell.com
jon@rowleywoodworks.com,barely3am.com
pcotter@windigoharbormedia.com,arix.com
marcb@tdmin.com,agentspam.com
markz@soldbymarkz.com,asrg.sp.am
prigel@villageofdundee.net,danhatesspam.com
joe@jfmdesign.net,barely3am.com
sjd@padprinting.net,agentspam.com
cwaldo@rieth-riley.com,citizendium.org
cstone@gannett.com,isipp.com
awingblad@gannett.com,
badair@rieth-riley.com,
pj@gocomedy.net,ari-soft.com
gperry@gannett.com,
gale@kramerbuilding.com,csma.biz
andi@alforstaterep.com,spamhaus.org
jo@lakesareachamber.com,barracudacentral.org
finance@alforstaterep.com,
jjduperon@tneintl.com,spamlab.com
gaylebachert@bbbsmi.org,bilim-systems.net
andre@thelexfirm.com,redcondor.com
mankopf@michgovstrategy.com,cauce.org.ar
stephen@shadowlandseed.com,barely3am.com
skowalski@oacsd.com,basted.sf.net
bkowalewsky@oacsd.com,
blake@georgeent.com,basted.sf.net
dcoss@cityofmarysvillemi.com,redcondor.com
jsutton@mmcaa.org,clearmymail.com
bmptrp@bmptrp.com,abuse.net
joe@olivetownship.com,secnap.net
artpearce@habitatbc.org,abuse.net
smoultrup@cadillacasphalt.com,stopspam.org
marc@mschillinger.com,barely3am.com
mbanier@therecyclingexperts.com,dnsbl.mailer.mobi
jkayrouz@joumanakayrouz.com,barely3am.com
dave@bostedor.com,cyberlogic.net
andy@thefeldsteins.com,barely3am.com
ann@wanetik.net,citizendium.org
jjv@dvains.com,bilim-systems.net
george@markprecisiontool.com,dnsbl.mailer.mobi
stephanie.mortimer@jcisd.org,smxemail.com
lpayne@iserv.net,ahbl.org
luanneg@homeworks.org,isipp.com
gbad@iserv.net,
gbarker@animalink.com,dronebl.org
pjoelson@joelsonrosenberg.com,agentspam.com
plyons@mi-partnersinpainting.com,barely3am.com
marty@teampcs.net,barely3am.com
deb@debohagan.com,barely3am.com
jvanderark@hbagk.org,barely3am.com
mark@markpotts.us,abuse.net
marvinjester@riverviewent.com,barely3am.com
jkoegel@koegelmeats.com,barely3am.com
fknizacky@masoncounty.net,nanae.org
llouisell@signsnowholland.com,dnsbl.mailer.mobi
gcudney@carlwalker.com,nanae.org
andy@andyfilius.com,citizendium.org
lorikroger@pandoraorg.net,fast.net
ddecamp@flexfab.com,dnsbl.mailer.mobi
ma102@jhfamilystores.com,citizendium.org
jjames@twp.ypsilanti.mi.us,basted.sf.net
dan@shopgoodytwoshoes.com,birdsong.org
pbuchman@fiiains.com,compu.net
gfusko@raiderpride.org,spamgrouper.com
arlan@votemeekhof.com,dorkslayers.com
jjones@miblood.org,arix.com
anthony@kraudelt.com,beat.st
stevesobol@haroldzeigler.com,gbudb.net
johnp@hvac-ges.com,barely3am.com
ddepree@ddelectricandir.com,barely3am.com
bcscheer@scheermotors.com,barely3am.com
david@wrightdirections.net,citizendium.org
andy.murch@murchenterprises.com,barely3am.com
cpaynter@podvoll.com,agentspam.com
john@rcbd.com,barely3am.com
awolf@lawwolf.com,dnsbl.mailer.mobi
jstelter@stelterpartners.com,gbudb.net
ddiggs@heritage-rs.com,nthelp.com
jpotter@jpotter.com,2mbit.com
blade@navbus.com,barely3am.com
jsnay@lsps.org,
martina@slcs.us,
julie.purta@stahlsid.com,barracudacentral.org
dave@norbrookplating.com,tqmcube.com
stclairb@slcs.us,
sullinsp@slcs.us,
sreynolds@co.livingston.mi.us,dnsbl.com
dbritz@co.livingston.mi.us,
dcarte@whitelakebeacon.com,dews.qmail.org
bmclellan@gtresort.com,dnsbl.mailer.mobi
ddolan@co.livingston.mi.us,
bcarpenter@a3collaborative.com,barely3am.com
rachel.kain@itsmyheart.org,basted.sf.net
bhemker@lyontwp.org,
mcash@lyontwp.org,
rabraham@mivictory.org,apcauce.org
sspradlin@roughtoready.com,citizendium.org
bgraham@mivictory.org,
dbenjamin@diisd.org,stonehenge.com
gretchen@vbins.net,onlymyemail.com
dhicks@diisd.org,
hjs@randallresidence.com,citizendium.org
hlask@willowbrookrehab.com,spamlab.com
dcongdo1@hurleymc.com,
dcrittenden@ourhouse.com,lumbercartel.ca
jstewar1@hurleymc.com,
president@nacpm.org,barely3am.com
bmorris1@hurleymc.com,
ddening1@hurleymc.com,
mbalask1@hurleymc.com,
mbecket1@hurleymc.com,
jperkin1@hurleymc.com,
poomer@aranowski.com,bilim-systems.net
ssmall1@hurleymc.com,
dawnwoodruff@hurleymc.com,
glazette@villageofdundee.net,
david@ciotti.us,barely3am.com
lobenherz@misoftdrink.net,barely3am.com
bajema@misoftdrink.net,
susan.townsend@jcisd.org,
bridget.osborne@jcisd.org,
rberman@pluxor.com,gfi.com
penny@mimold.com,barely3am.com
branden@optimalrehabilitation.com,citizendium.org
dennis@curorx.com,citizendium.org
thowell@mivictory.org,
kcoll@willowbrookrehab.com,
rick.hamill@highlandtwp.org,barely3am.com
jbedoway@willowbrookrehab.com,
btraxler@venchurs.com,bilim-systems.net
mjvanacker@willowbrookrehab.com,
stribisondi@oacsd.com,
studio@dejongestudio.com,nanae.org
josh@shuandi.com,barely3am.com
sspreitzer@miroundtable.org,arix.com
david@dejongestudio.com,
bfitz@oacsd.com,
dbetke@oacsd.com,
mbrown@oacsd.com,
swatson@oacsd.com,
tbuelow@cityofmarysvillemi.com,
tcorey@oacsd.com,
harv@rivercityss.com,openrbl.org
karen.carroll@rosscontrols.com,citizendium.org
rfullerton@oacsd.com,
smp@crditacceptance.com,catchspam.com
mbell@teamhodges.com,abuseat.org
mblanek@stuckyvitale.com,kaspersky.com
mike@eischen.net,barely3am.com
terry@myterrytag.com,barely3am.com
bpahoski@manisteehousing.com,kittenslingerie.com
kevink@accessconstruction.com,citizendium.org
tnorris@villageofdundee.net,
pmaraccini@go-nordics.com,webnola.com
gheard@akebono-usa.com,fast.net
randy@olivetownship.com,
hmio@uwgrocery.com,barely3am.com
hope@huntershope.org,fast.net
terry@olivetownship.com,
sstrpko@rieth-riley.com,
bdupuis@rieth-riley.com,
mcampbell@gannett.com,
rbauman@gannett.com,
jwekenman@rieth-riley.com,
tbeebe@rieth-riley.com,
tbeson@gannett.com,
rhaney@rieth-riley.com,
mgriffith@hayes-lemmerz.com,nospam-mailprotection.com
david@davidcmatt.com,dnsbl.mailer.mobi
rhamlin@unadillapolice.org,barely3am.com
hugh@nickelsboats.com,catchspam.com
me@bethmasck.com,barely3am.com
kama.ross@macd.org,kittenslingerie.com
kandice.karll@macd.org,
mgroat@kebs.com,citizendium.org
mike.ludlam@macd.org,
mayor@fennville.com,thomaspaylor.com
dchase@chaseplastics.com,zerospam.ca
bbaker@easttawas.com,fast.net
mary@withinreach.biz,mags.net
stephanie@agingmi.org,cronlab.com
steve@taxbully.com,dorkslayers.com
mary@aceweldingnh.com,mags.net
ssanders@fbclo.org,mags.net
markw@cecelec.com,bilim-systems.net
mb@training24seven.com,catchspam.com
rbonhomme@raiderpride.org,
dennis@usmc-vet.com,barely3am.com
hdurkin@epopus.net,caravan.ru
karen@karenamills.com,abuse.net
meverett@northernsprings.net,onlinespamsolutions.com
bev.scranton@dcvaf.org,basted.sf.net
dsulkowski@clarionus.com,barely3am.com
jbunch@villageofdundee.net,
ericnealemoore@cultureofhonor.org,dnsbl.mailer.mobi
chuck@myduck.net,citizendium.org
dbarnett@lsps.org,
gregm@windquest.com,projecthoneypot.org
mbednarski@lsps.org,
mcatamney@navbus.com,
raymork@slcs.us,
rbowers@lsps.org,
kasputisr@slcs.us,
medvedb@slcs.us,
hagertyn@slcs.us,
hamillj@slcs.us,
hantzk@slcs.us,
harec@slcs.us,
regans@slcs.us,
rhodesd@slcs.us,
kathiescorner@ourhouse.com,
kathleenm.foulds@hurleymc.com,
tdepott1@hurleymc.com,
kaytaylor@hurleymc.com,
tiar.rush@hurleymc.com,
hthawan1@hurleymc.com,
mark@libich.com,dorkslayers.com
jraffel@iserv.net,
rachel@faulknerstrategies.com,barely3am.com
mdrasnin@joelsonrosenberg.com,
rcarch1@iserv.net,
denise@homeworks.org,
hcohen@joelsonrosenberg.com,
kaelliott@bccmha.org,barely3am.com
dnona@triangle-newhomes.com,pan-am.ca
todd@olivetownship.com,
mlittle@willowbrookrehab.com,
mmaher@willowbrookrehab.com,
ccr@randallresidence.com,
dtemple@willowbrookrehab.com,
jcormier@willowbrookrehab.com,
dsiwecki@venchurs.com,
jburwitz@willowbrookrehab.com,
kpiotrovsky@willowbrookrehab.com,
msaxton@venchurs.com,
twkkg@geistarts.com,danhatesspam.com
choward@willowbrookrehab.com,
bbowman@suburbanshowplace.com,bilim-systems.net
jacquie@pdispirit.com,dorkslayers.com
careeb@troyns.comcastbiz.net,securence.com
carnes@familyconnect.net,dnsbl.mailer.mobi
cgoedert@hazelpark43rdcourt.com,basted.sf.net
ccarlson@wolverinehd.com,securence.com
dabbate@wakelyaia.com,redcondor.com
jim@salisburymay.com,bilim-systems.net
mikemayer@hurleymc.com,
mmarull1@hurleymc.com,
bvisser1@hurleymc.com,
trhyndr1@hurleymc.com,
truff1@hurleymc.com,
kstucky2@hurleymc.com,
ktscarlett@dublin.com,bitdefender.org
kunger1@hurleymc.com,
tpethic1@hurleymc.com,
mgii@georgeent.com,
mgrant@oacsd.com,
mhorn@oacsd.com,
thaan@globalequityconsulting.net,firstbase.com
dmclellan@oacsd.com,
jackieday@communitypsychiatry.com,netvision.net.il
jberline@berline.com,barely3am.com
rodney@georgeent.com,
mjg@georgeent.com,
trobbins@oacsd.com,
ktalaske@oacsd.com,
dfloria@homeworks.org,
kejenkins@bccmha.org,
mkappler@homeworks.org,
jbajema@iserv.net,
swilliams@co.livingston.mi.us,
brianj@co.livingston.mi.us,
mdunleavy@co.livingston.mi.us,
tdorsey@co.livingston.mi.us,
rhowell@whitelakebeacon.com,
s.olson@vlc.lib.mi.us,spamhaus.org
cbecker@beckerorthopedic.net,atlbl.net
jim@jimcarlyle.com,dorkslayers.com
warren@wsawdon.com,hickamosc.com
leonard@leonardschwartz.us,karmasphere.com
cjm@selectunderwriters.com,mags.net
dave@recordsconsulting.com,barely3am.com
gkirk@ftunlimited.com,abuse.net
ptefft@flexfab.com,
mark.rushford@flexfab.com,
ssniegowski@masoncounty.net,
david@visbeen.biz,emailkarma.net
jriffle@masoncounty.net,
mdubbeld@gacsnet.org,basted.sf.net
rjohnson@cecelec.com,
middaughd@slcs.us,
thompsonr@slcs.us,
dmaurer@lsps.org,
jacksonm@slcs.us,
kmeyer@cdrpigments.com,pan-am.ca
robinsonm@slcs.us,
bobbie@rottocpa.com,fast.net
ckawet@diisd.org,
mlm@sportphysicians.com,danhatesspam.com
dschafer@mmcaa.org,
mrsfitz@oacsd.com,
vhogan@tctimes.com,asrg.sp.am
vwelch@oacsd.com,
lconnolly@pinelakestudio.com,citizendium.org
ldean@oacsd.com,
paul@go-cybernet.com,karmasphere.com
james@myltes.com,2mbit.com
rob@canditophotography.com,barely3am.com
mooret@slcs.us,
kucharczyke@slcs.us,
kingj@slcs.us,
cdady@ocms-mi.org,
munozd@slcs.us,
vaneceka@slcs.us,
dsnay@lsps.org,
krollj@slcs.us,
russol@slcs.us,
larry.chesner@ramadaplazagr.com,orbl.org
sandersonm@slcs.us,
nallyb@slcs.us,
nancy@gormleys.org,citizendium.org
saundersk@slcs.us,
cloria@lsps.org,
jgeise@lsps.org,
newton@navbus.com,
ngillich@lsps.org,
barbara@bmptrp.com,
waltersm@slcs.us,
allore@slcs.us,
enetschke@lsps.org,
lewandowskil@slcs.us,
weissn@slcs.us,
abermanisn@slcs.us,
lgordon@lsps.org,
seaverc@slcs.us,
settlei@slcs.us,
williamsl@slcs.us,
sgibson@lsps.org,
shaferr@slcs.us,
shardy@armscole.com,barely3am.com
withunm@slcs.us,
aillsc@slcs.us,
mchasey@michworks4u.org,fusionzero.com
lindermanh@slcs.us,
wrighta@slcs.us,
yergink@slcs.us,
alan_edwards@jandment.com,barely3am.com
extern.heather.klein@audi.com,onlinespamsolutions.com
zylkal@slcs.us,
jmorris@pikesb40.org,fpsn.net
shann@truebalancelifecoaching.com,barely3am.com
sharon@coppernolls.com,barely3am.com
rbezerko@edpcompany.com,redcondor.com
tara@freshsqueezemedia.com,barely3am.com
taw@corepartners.net,gbudb.net
brandon@yuchasz.com,karmasphere.com
rmisener@rieth-riley.com,
captainjeff@themichiganexperience.com,messagedefense.com
heather.furgason@scouting.org,techtheft.info
rhopp@ferrysburg.org,gbudb.net
terri.perry@scouting.org,
kludwick@binghamfarms.org,mags.net
rslattery@gcrc.org,clearmymail.com
jeff@boone-darr.com,rackspace.com
kkaufhe1@hurleymc.com,
mmalloy1@hurleymc.com,
dsyron1@hurleymc.com,
kwarda1@hurleymc.com,
kwatson1@hurleymc.com,
mstrozi1@hurleymc.com,
mvander1@hurleymc.com,
valreffert@hurleymc.com,
mschmit1@hurleymc.com,
msharman1@hurleymc.com,
rwarmbo1@hurleymc.com,
tsperry1@hurleymc.com,
twillia6@hurleymc.com,
dwright1@hurleymc.com,
veenaerinjeri@hurleymc.com,
jennifertraub@hurleymc.com,
nalisog1@hurleymc.com,
nbirchm1@hurleymc.com,
rlwilliams@williamstooling.com,maysoft.com
ladkins@sunsetexcavating.com,bilim-systems.net
jdaly@gcrc.org,
ruth@herkules.us,informationwave.net
police@villageofhesperia.com,cloudmark.com
randy.conat@abc12.com,
tricust@iserv.net,
jean@homebodieswm.com,emailkarma.net
kkelly@vsadc.com,gbudb.net
mlfojtik@iserv.net,
kurt@zrgraphics.com,dnsbl.org
rtucker@joelsonrosenberg.com,
dwwarren@joelsonrosenberg.com,
larry@agritek.com,danhatesspam.com
lataylor@bccmha.org,
mayor@cityofypsilanti.com,mcafeeasap.com
pmurdock@cityofypsilanti.com,
marysue.eiter@mascocabinetry.com,mimosasystems.com
bgiovan@es3.net,gbudb.net
susan@susanhartung.com,zoneedit.com
brobb@cityofypsilanti.com,
tedfioraliso@abc12.com,
terry.camp@abc12.com,
vicki@shirbert.com,mailspike.net
bfkaufman@iswitis.com,bilim-systems.net
bgill@tdgarchitects.com,inter-corporate.com
rjefferson@cityofypsilanti.com,
bsalfie@alfiewear.com,barely3am.com
tmikim@parrett.net,iserv.net
buck67@carreblu.com,bofh.it
dvogt@cityofypsilanti.com,
dreader@co.livingston.mi.us,
mmurphy@co.livingston.mi.us,
dockaren@flstopcccoalition.org,cronlab.com
tom@rossmanins.com,goldendoodleworld.com
dotaylor@gtresort.com,
scharnesky@gcrc.org,
thoy@scdetroit.com,projecthoneypot.org
brad@pinstrat.com,citizendium.org
jab@bedordental.com,barely3am.com
dora@thelexfirm.com,
ronedwards@edwardsnotebook.com,barely3am.com
myers@parrett.net,
wackerle@parrett.net,
vvadlam1@hurleymc.com,
clindke1@hurleymc.com,
wbaird1@hurleymc.com,
amukkam1@hurleymc.com,
scott@compulsivenomorestop.com,barely3am.com
abenner1@hurleymc.com,
jgrantn1@hurleymc.com,
sdennis1@hurleymc.com,
czeeman1@hurleymc.com,
jmccorm1@hurleymc.com,
ajohnso1@hurleymc.com,
hpasakarnis@easttawas.com,
rich@dommer.us,thomaspaylor.com
rleslie@easttawas.com,
don@51northbrewing.com,cronlab.com
kmeyer@michworks4u.org,
ron@easchensky.com,mags.net
jen.zimmerman@roi-1.com,barely3am.com
ecsphd@psyserv.com,citizendium.org
emoore@edmoore.net,agentspam.com
mj-238@zmspc.com,messagedefense.com
mkimmerly@precisioncs.net,manitu.net
rstarr@co.livingston.mi.us,
jdolan@lyontwp.org,
cfolts@co.livingston.mi.us,
rvanhouten@co.livingston.mi.us,
ebrown@co.livingston.mi.us,
evantin1@hurleymc.com,
akruege1@hurleymc.com,
aleix1@hurleymc.com,
lisa@koschcatering.com,
liz.raduazo@jcisd.org,
sadams@lyontwp.org,
editor@whitelakebeacon.com,
cjonckheere@co.livingston.mi.us,
jhicks@lyontwp.org,
nshafer@gtresort.com,
elervin@iserv.net,
ncotant@bccmha.org,
nhemady@dhofm.com,clearmymail.com
amancour@dhofm.com,
emwhisner@bccmha.org,
cjamieu@homeworks.org,
jmclean@bccmha.org,
wswiler@homeworks.org,
cross@iserv.net,
ngangadharan@es3.net,
nicholas@kizmar.net,arix.com
barodasupv@parrett.net,
barodatwpclerk@parrett.net,
jmdeagostino@gtresort.com,
colleen@gtresort.com,
jimi@detroitwelding.com,dronebl.org
81chains@81chains.com,barely3am.com
tonya@cecelec.com,
dfrey@flexfab.com,
dgfrey@grrmi.com,whew.com
kbantle@masoncounty.net,
bill.grau@flexfab.com,
kevin@kmet.net,spamhaus.org
dpurtee@masoncounty.net,
kevin@conveyall.com,non.com
rsjoberg@ferrysburg.org,
dwierenga@ferrysburg.org,
sday@fentonchamber.com,pan-am.ca
bkritzman@nparchitects.com,barely3am.com
dclark@nesadi.com,cauce.org.ar
dean@deanday.com,barely3am.com
sschunk@norlo.net,dronebl.org
steve@norlo.net,
bthompson@antrimcrc.org,dorkslayers.com
pbartz@earthling.com,fast.net
allan@troupracing.com,barely3am.com
bscheer@scheermotors.com,
mjf@corepartners.net,
ron@vansdelivery.com,dnsbl.mailer.mobi
jc@frascap.com,dnsbl.mailer.mobi
sam@sammoffat.com,arix.com
harold@paragonapts.com,bilim-systems.net
mhornbeck@aarp.org,
richard.blumenstein@paragonapts.com,
billb@4sroofing.com,barely3am.com
mmalott@gannett.com,
ladams@rieth-riley.com,
cbehnan@gannett.com,
dsepeter@rieth-riley.com,
krose@rieth-riley.com,
lbushong@rieth-riley.com,
dwatson@fennville.com,
eric@patentconsulting.com,cronlab.com
carrie@rudman.org,cauce.org
cynthia.kepsel@functionalrecovery.com,barely3am.com
cmchase@chaseplastics.com,
parks@easttawas.com,
abender@rieth-riley.com,
selowski@rieth-riley.com,
crogers@rieth-riley.com,
mseifert@aarp.org,
lcooper@aarp.org,
clawrence@bylooil.com,symantec.com
scott.burbary@onesourcecare.com,danhatesspam.com
meekhof@votemeekhof.com,
derickstroud@go-nordics.com,
frank.harris@madd.org,bilim-systems.net
shannon@americanink.biz,isipp.com
sherry.blaszak@macd.org,
tfarmer@spazzles.com,basted.sf.net
thoy@steinwaydetroit.com,karmasphere.com
bill@billhaviland.com,barely3am.com
tom@terminalsteel.com,abuseat.org
ryanr@pittsfieldtwp.org,abuse.net
kensr@qualitytax.com,pan-am.ca
drdoane@jacksonorthopedics.com,karmasphere.com
jeffstille@stilleconstruction.com,gbudb.net
samshayoka@alqush.com,messagedefense.com
jakuntz@charger57.com,barely3am.com
jgray@gray-matters.net,citizendium.org
jims@foreway.net,barely3am.com
vcd@dohertysearchpartners.com,dorkslayers.com
rob@grcarbidesupply.com,barely3am.com
tom@norlo.net,
janet@thestocktonteam.com,basted.sf.net
ngibson@firstsouthcarolina.com,barely3am.com
ron@norlo.net,
val@jacksonorthopedics.com,
adam.higgins@fergusonstrategies.com,emailkarma.net
fran@riversedge.biz,nuxo.com
jim@kraayeveld.com,dnsbl.mailer.mobi
rpine@pinemi.com,barely3am.com
kkennedy@ferrysburg.org,
cbessinger@ferrysburg.org,
druiter@ferrysburg.org,
ecfoster@bellemaer.com,
michael@dofh.org,firstbase.com
cathy@homesbycathy.com,mags.net
kmckinstry@miblood.org,
kim@burpingfrog.com,onlinespamsolutions.com
jason.ward@epopus.net,
jbailey@fona.com,gbudb.net
mjc@cnc-connect.com,azrinmadin.com
jeff.weiden@flexfab.com,
mportner@flexfab.com,
mlint@vitgglobal.com,dnsbl.mailer.mobi
rogeravie@msrgp.com,mcafeeasap.com
dstark@masoncounty.net,
kwhitlock@tedderwhitlock.com,catchspam.com
jenglish@lapeerisd.org,barely3am.com
mwinebr@flexfab.com,
jim@timeless-transportation.com,dnsbl.mailer.mobi
griffin@mpamacs.org,citizendium.org
bob@performancebuilders.com,clearmymail.com
melissa@hidden-acres.net,cyberlogic.net
mevans@evansgeo.com,dorkslayers.com
rfcleary@mpamacs.org,
sblease@ferrysburg.org,
clarson@ferrysburg.org,
ed@wmpc.org,karmasphere.com
wmpc@wmpc.org,
jcripps@crippsfontaine.com,citizendium.org
vfuld@willard.lib.mi.us,spamhaus.org
adawson@whcanon.com,onlymyemail.com
sharrison@speakergingrich.com,hostkarma.com
egomez@transtartek.com,invaluement.com
cathy@whitepinecabins.com,spamlab.com
james@toreson.com,karmasphere.com
aaron.cole@springarborfm.org,mags.net
ewgrant@springarborfm.org,
carmen@jtrucks.com,nanae.org
todd@jtrucks.com,
kmiller@madonna.edu,spamhaus.org
jnovak@madonna.edu,
enolan@madonna.edu,
serafina@madonna.edu,
phanson@madonna.edu,
svictoria@madonna.edu,
rmckeith@madonna.edu,
bearquit@ili.com,spamhaus.org
brad.williams@pzdi.com,apache.org
carriep@upimi.com,basted.sf.net
jerbritton@hfx.andara.com,arix.com
jenny@hi-lites.com,mags.net
maryj@hi-lites.com,
rlyke@monroe.lib.mi.us,spamhaus.org
rdively@monroe.lib.mi.us,
evagt@monroe.lib.mi.us,
troach@monroe.lib.mi.us,
jwelker@monroe.lib.mi.us,
mszabo@monroe.lib.mi.us,
rhuntley@monroe.lib.mi.us,
ndowd@monroe.lib.mi.us,
sdzierla@monroe.lib.mi.us,
tehubbar@monroe.lib.mi.us,
drodziew@monroe.lib.mi.us,
telliott@monroe.lib.mi.us,
jpoley@monroe.lib.mi.us,
kbrunt@monroe.lib.mi.us,
jwhiting@monroe.lib.mi.us,
rsisty@monroe.lib.mi.us,
lswisher@monroe.lib.mi.us,
adedeluk@monroe.lib.mi.us,
gpinter@monroe.lib.mi.us,
hparker@monroe.lib.mi.us,
ffisher@monroe.lib.mi.us,
tharmon@monroe.lib.mi.us,
tfisher@monroe.lib.mi.us,
mlester@monroe.lib.mi.us,
sgizzi@monroe.lib.mi.us,
jseidl@monroe.lib.mi.us,
kugler@sonic.net,isipp.com
bv@superioraviation.com,bilim-systems.net
teull@nilesmi.org,basted.sf.net
rhuff@nilesmi.org,
ncoulston@nilesmi.org,
dmann@nilesmi.org,
lcasperson@nilesmi.org,
llamb@nilesmi.org,
mrudd@ypsilantimarriott.com,barely3am.com
mlarson@qwest.net,mail-abuse.org
sbartley01@qwest.net,
rhubbard@qwest.net,
eaglemission@qwest.net,
johnheath@qwest.net,
jakeslaw@qwest.net,
miniflow@qwest.net,
fcastellese@qwest.net,
loser@qwest.net,
garyt@sgdetroit.com,orbitrbl.com
maryanneh@sgdetroit.com,
jgrady@uhy-us.com,barely3am.com
eplawecki@uhy-us.com,
tosha.symes@wmich.edu,spamhaus.org
janelle.m.phillips@wmich.edu,
katie.john@wmich.edu,
donna.marks@wmich.edu,
mary.peterson@wmich.edu,
delores.gauthier@wmich.edu,
robert.whaley@wmich.edu,
patricia.f.thomas@wmich.edu,
libby.catt@wmich.edu,
ronald.miller@wmich.edu,
mary.l.richardson-thomas@wmich.edu,
heather.mcgee@wmich.edu,
brandi.l.mannino@wmich.edu,
marcy.ohs@wmich.edu,
greg.rosine@wmich.edu,
barbara.eshuis@wmich.edu,
thomas.egan@wmich.edu,
matthew.r.olivier@wmich.edu,
kyle.j.herm@wmich.edu,
paul.j.foust@wmich.edu,
eppstein@wmich.edu,
charles.stroh@wmich.edu,
bleyer@wmich.edu,
mary.choker@wmich.edu,
bonnie.gorham@wmich.edu,
frank.gambino@wmich.edu,
mario.galbreath@wmich.edu,
elizabeth.e.wheat@wmich.edu,
thomas.m.doan@wmich.edu,
sue.henker@wmich.edu,
s.yvonne.slater@wmich.edu,
paul.johnston@wmich.edu,
kaitlyn.m.swiderski@wmich.edu,
justin.r.giola@wmich.edu,
thomas.r.howe@wmich.edu,
charles.dineen@wmich.edu,
maynard.kaufman@wmich.edu,
d5bell@wmich.edu,
dtd7508@wmich.edu,
j7sobie@wmich.edu,
s4way@wmich.edu,
arthur.priest@wmich.edu,
lon.baird@wmich.edu,
mary.swartz@wmich.edu,
ruth.meyer@wmich.edu,
regena.fails.nelson@wmich.edu,
john.spitsbergen@wmich.edu,
mary.stark@wmich.edu,
brett.mcneal@wmich.edu,
lois.lemon@wmich.edu,
molly.lynde-recchia@wmich.edu,
stacy.d.jacobson@wmich.edu,
rachel.a.keck@wmich.edu,
jamie.crandell@wmich.edu,
joan.herrington@wmich.edu,
barbara.havira@wmich.edu,
m.frauenknecht@wmich.edu,
kay.chase@wmich.edu,
stephen.jones@wmich.edu,
nancy.mansberger@wmich.edu,
pauline.trembley@wmich.edu,
ronnie.l.stephenson@wmich.edu,
beverlee.white@wmich.edu,
rose.thomas@wmich.edu,
john.tucker@wmich.edu,
terri.simmons@wmich.edu,
hemphill@wmich.edu,
jeanne.bloemsma@wmich.edu,
richard.raklovits@wmich.edu,
klaz.welch@wmich.edu,
xiong@wmich.edu,
steve.kohler@wmich.edu,
barb.shouse@wmich.edu,
jan.pekarovic@wmich.edu,
baird@wmich.edu,
alonzo.hannaford@wmich.edu,
nancy.salvaggio@wmich.edu,
robert.balik@wmich.edu,
mangla@wmich.edu,
lisa.hotchkiss@wmich.edu,
amy.capelli@wmich.edu,
vivian.locke@wmich.edu,
donald.alexander@wmich.edu,
jerald.kuss@wmich.edu,
reish@wmich.edu,
toby.boyle@wmich.edu,
moyra.ebling@wmich.edu,
kelemen@wmich.edu,
kerstetter@wmich.edu,
jaquays@wmich.edu,
poolea@wmich.edu,
oas@wmich.edu,
david.hartmann@wmich.edu,
michael.hodgkinson@wmich.edu,
latonja.wilson@wmich.edu,
sheryl.todd@wmich.edu,
tara.m.allgor@wmich.edu,
kevin.r.schaller@wmich.edu,
luann.harden@wmich.edu,
carl.newton@wmich.edu,
sheryl.romero@wmich.edu,
jiabei.zhang@wmich.edu,
kuhle@wmich.edu,
blumberg@jfmd.org,barely3am.com
rawhide@megsinet.net,megsinet.net
lock1@megsinet.net,
ninegk@rogers.com,nanae.org
pcheston@rogers.com,
adam@rogers.com,
dmghome@rogers.com,
kelly.campbell@wnem.com,basted.sf.net
gino.vicci@wnem.com,
kristin.moore@wnem.com,
csharp@wnem.com,
catherine.omara@wnem.com,
craig.mcmorris@wnem.com,
bryant@windermere.com,mags.net
steele@wmenergy.com,compu.net
jandaniel@hargray.com,fast.net
dmcwilliams@hargray.com,
vbaumann@hargray.com,
bwillick@panix.com,gweep.ca
kcooney@parker.com,dnsbl.com
rstrobach@parker.com,
mmarcangelo@parker.com,
dave.eickholt@parker.com,
dpease@parker.com,
ksimon@parker.com,
jknecht@parker.com,
sally@sallylouise.com,barely3am.com
afh@ureach.com,cloudmark.com
hughesh@mastertag.com,barracudacentral.org
holly.hughes@mastertag.com,
hhughes@mastertag.com,
hastings@mastertag.com,
rhughes@mastertag.com,
hughes@mastertag.com,
carmen.thomas@liveunitedsem.org,spamhaus.org
rebecca.crawford@liveunitedsem.org,
ed.ptasznik@liveunitedsem.org,
dconroy@stoddard.cc,lambeautele.com
strerath@t-online.de,nanae.org